Workbook

Sheet START HERE
A1: Attendance Tracker Project — START HERE
A2: This workbook was prepared from your Coursera dataset. Open it in Microsoft Excel and allow formulas to calculate.
A3: 1. Attendance Tracker: the main tracker. It includes lookup formulas, attendance counts, percentages, group requirements, and conditional formatting.
A4: 2. List1_ContactInfo / List2_Department / List3_Details: original source lists. List3 now includes Attendance status and Attendance count helper columns.
A5: 3. Daily Summary: formula-based daily present/absent totals and an attendance chart.
A6: 4. Department Summary: formula-based average attendance and requirement totals.
A7: 5. PivotTable Guide: follow the steps to create the actual PivotTables required by the assignment.
A8: 6. Save your own copy before editing. For the reusable template, open the separate Attendance_Tracker_Reusable_Template.xlsx file.
A9: Important: Verify the formulas and PivotTables in Excel before submitting. Some formula results may appear only after opening the file in Excel.

Sheet Attendance Tracker
A1: Name | B1: Month | C1: Contact | D1: Group/Department | E1: Group | F1: Total days present | G1: Actual days present | H1: Attendance percentage | I1: Attendance requirement met
A2: Attendee 1 | B2: 45474 | C2: =IFERROR(VLOOKUP(A2,'List1_ContactInfo'!$A$2:$B$58,2,FALSE),"") | D2: =IFERROR(VLOOKUP(A2,'List2_Department'!$A$2:$B$51,2,FALSE),"") | E2: =IFERROR(VLOOKUP(D2,'List2_Department'!$D$3:$E$7,2,FALSE),"") | F2: =IF(B2="","",DATE(YEAR(B2),MONTH(B2),5)-DATE(YEAR(B2),MONTH(B2),1)+1) | G2: =IF(B2="","",SUMIF('List3_Details'!$A$2:$A$251,A2,'List3_Details'!$E$2:$E$251)) | H2: =IF(OR(B2="",F2=0),"",G2/F2) | I2: =IF(H2="","",IF(H2>=IF(OR(E2="A",E2="B",E2="C"),80%,40%),"Met","Not Met"))
A3: Attendee 2 | B3: 45474 | C3: =IFERROR(VLOOKUP(A3,'List1_ContactInfo'!$A$2:$B$58,2,FALSE),"") | D3: =IFERROR(VLOOKUP(A3,'List2_Department'!$A$2:$B$51,2,FALSE),"") | E3: =IFERROR(VLOOKUP(D3,'List2_Department'!$D$3:$E$7,2,FALSE),"") | F3: =IF(B3="","",DATE(YEAR(B3),MONTH(B3),5)-DATE(YEAR(B3),MONTH(B3),1)+1) | G3: =IF(B3="","",SUMIF('List3_Details'!$A$2:$A$251,A3,'List3_Details'!$E$2:$E$251)) | H3: =IF(OR(B3="",F3=0),"",G3/F3) | I3: =IF(H3="","",IF(H3>=IF(OR(E3="A",E3="B",E3="C"),80%,40%),"Met","Not Met"))
A4: Attendee 3 | B4: 45474 | C4: =IFERROR(VLOOKUP(A4,'List1_ContactInfo'!$A$2:$B$58,2,FALSE),"") | D4: =IFERROR(VLOOKUP(A4,'List2_Department'!$A$2:$B$51,2,FALSE),"") | E4: =IFERROR(VLOOKUP(D4,'List2_Department'!$D$3:$E$7,2,FALSE),"") | F4: =IF(B4="","",DATE(YEAR(B4),MONTH(B4),5)-DATE(YEAR(B4),MONTH(B4),1)+1) | G4: =IF(B4="","",SUMIF('List3_Details'!$A$2:$A$251,A4,'List3_Details'!$E$2:$E$251)) | H4: =IF(OR(B4="",F4=0),"",G4/F4) | I4: =IF(H4="","",IF(H4>=IF(OR(E4="A",E4="B",E4="C"),80%,40%),"Met","Not Met"))
A5: Attendee 4 | B5: 45474 | C5: =IFERROR(VLOOKUP(A5,'List1_ContactInfo'!$A$2:$B$58,2,FALSE),"") | D5: =IFERROR(VLOOKUP(A5,'List2_Department'!$A$2:$B$51,2,FALSE),"") | E5: =IFERROR(VLOOKUP(D5,'List2_Department'!$D$3:$E$7,2,FALSE),"") | F5: =IF(B5="","",DATE(YEAR(B5),MONTH(B5),5)-DATE(YEAR(B5),MONTH(B5),1)+1) | G5: =IF(B5="","",SUMIF('List3_Details'!$A$2:$A$251,A5,'List3_Details'!$E$2:$E$251)) | H5: =IF(OR(B5="",F5=0),"",G5/F5) | I5: =IF(H5="","",IF(H5>=IF(OR(E5="A",E5="B",E5="C"),80%,40%),"Met","Not Met"))
A6: Attendee 5 | B6: 45474 | C6: =IFERROR(VLOOKUP(A6,'List1_ContactInfo'!$A$2:$B$58,2,FALSE),"") | D6: =IFERROR(VLOOKUP(A6,'List2_Department'!$A$2:$B$51,2,FALSE),"") | E6: =IFERROR(VLOOKUP(D6,'List2_Department'!$D$3:$E$7,2,FALSE),"") | F6: =IF(B6="","",DATE(YEAR(B6),MONTH(B6),5)-DATE(YEAR(B6),MONTH(B6),1)+1) | G6: =IF(B6="","",SUMIF('List3_Details'!$A$2:$A$251,A6,'List3_Details'!$E$2:$E$251)) | H6: =IF(OR(B6="",F6=0),"",G6/F6) | I6: =IF(H6="","",IF(H6>=IF(OR(E6="A",E6="B",E6="C"),80%,40%),"Met","Not Met"))
A7: Attendee 6 | B7: 45474 | C7: =IFERROR(VLOOKUP(A7,'List1_ContactInfo'!$A$2:$B$58,2,FALSE),"") | D7: =IFERROR(VLOOKUP(A7,'List2_Department'!$A$2:$B$51,2,FALSE),"") | E7: =IFERROR(VLOOKUP(D7,'List2_Department'!$D$3:$E$7,2,FALSE),"") | F7: =IF(B7="","",DATE(YEAR(B7),MONTH(B7),5)-DATE(YEAR(B7),MONTH(B7),1)+1) | G7: =IF(B7="","",SUMIF('List3_Details'!$A$2:$A$251,A7,'List3_Details'!$E$2:$E$251)) | H7: =IF(OR(B7="",F7=0),"",G7/F7) | I7: =IF(H7="","",IF(H7>=IF(OR(E7="A",E7="B",E7="C"),80%,40%),"Met","Not Met"))
A8: Attendee 7 | B8: 45474 | C8: =IFERROR(VLOOKUP(A8,'List1_ContactInfo'!$A$2:$B$58,2,FALSE),"") | D8: =IFERROR(VLOOKUP(A8,'List2_Department'!$A$2:$B$51,2,FALSE),"") | E8: =IFERROR(VLOOKUP(D8,'List2_Department'!$D$3:$E$7,2,FALSE),"") | F8: =IF(B8="","",DATE(YEAR(B8),MONTH(B8),5)-DATE(YEAR(B8),MONTH(B8),1)+1) | G8: =IF(B8="","",SUMIF('List3_Details'!$A$2:$A$251,A8,'List3_Details'!$E$2:$E$251)) | H8: =IF(OR(B8="",F8=0),"",G8/F8) | I8: =IF(H8="","",IF(H8>=IF(OR(E8="A",E8="B",E8="C"),80%,40%),"Met","Not Met"))
A9: Attendee 8 | B9: 45474 | C9: =IFERROR(VLOOKUP(A9,'List1_ContactInfo'!$A$2:$B$58,2,FALSE),"") | D9: =IFERROR(VLOOKUP(A9,'List2_Department'!$A$2:$B$51,2,FALSE),"") | E9: =IFERROR(VLOOKUP(D9,'List2_Department'!$D$3:$E$7,2,FALSE),"") | F9: =IF(B9="","",DATE(YEAR(B9),MONTH(B9),5)-DATE(YEAR(B9),MONTH(B9),1)+1) | G9: =IF(B9="","",SUMIF('List3_Details'!$A$2:$A$251,A9,'List3_Details'!$E$2:$E$251)) | H9: =IF(OR(B9="",F9=0),"",G9/F9) | I9: =IF(H9="","",IF(H9>=IF(OR(E9="A",E9="B",E9="C"),80%,40%),"Met","Not Met"))
A10: Attendee 9 | B10: 45474 | C10: =IFERROR(VLOOKUP(A10,'List1_ContactInfo'!$A$2:$B$58,2,FALSE),"") | D10: =IFERROR(VLOOKUP(A10,'List2_Department'!$A$2:$B$51,2,FALSE),"") | E10: =IFERROR(VLOOKUP(D10,'List2_Department'!$D$3:$E$7,2,FALSE),"") | F10: =IF(B10="","",DATE(YEAR(B10),MONTH(B10),5)-DATE(YEAR(B10),MONTH(B10),1)+1) | G10: =IF(B10="","",SUMIF('List3_Details'!$A$2:$A$251,A10,'List3_Details'!$E$2:$E$251)) | H10: =IF(OR(B10="",F10=0),"",G10/F10) | I10: =IF(H10="","",IF(H10>=IF(OR(E10="A",E10="B",E10="C"),80%,40%),"Met","Not Met"))
A11: Attendee 10 | B11: 45474 | C11: =IFERROR(VLOOKUP(A11,'List1_ContactInfo'!$A$2:$B$58,2,FALSE),"") | D11: =IFERROR(VLOOKUP(A11,'List2_Department'!$A$2:$B$51,2,FALSE),"") | E11: =IFERROR(VLOOKUP(D11,'List2_Department'!$D$3:$E$7,2,FALSE),"") | F11: =IF(B11="","",DATE(YEAR(B11),MONTH(B11),5)-DATE(YEAR(B11),MONTH(B11),1)+1) | G11: =IF(B11="","",SUMIF('List3_Details'!$A$2:$A$251,A11,'List3_Details'!$E$2:$E$251)) | H11: =IF(OR(B11="",F11=0),"",G11/F11) | I11: =IF(H11="","",IF(H11>=IF(OR(E11="A",E11="B",E11="C"),80%,40%),"Met","Not Met"))
A12: Attendee 11 | B12: 45474 | C12: =IFERROR(VLOOKUP(A12,'List1_ContactInfo'!$A$2:$B$58,2,FALSE),"") | D12: =IFERROR(VLOOKUP(A12,'List2_Department'!$A$2:$B$51,2,FALSE),"") | E12: =IFERROR(VLOOKUP(D12,'List2_Department'!$D$3:$E$7,2,FALSE),"") | F12: =IF(B12="","",DATE(YEAR(B12),MONTH(B12),5)-DATE(YEAR(B12),MONTH(B12),1)+1) | G12: =IF(B12="","",SUMIF('List3_Details'!$A$2:$A$251,A12,'List3_Details'!$E$2:$E$251)) | H12: =IF(OR(B12="",F12=0),"",G12/F12) | I12: =IF(H12="","",IF(H12>=IF(OR(E12="A",E12="B",E12="C"),80%,40%),"Met","Not Met"))
A13: Attendee 12 | B13: 45474 | C13: =IFERROR(VLOOKUP(A13,'List1_ContactInfo'!$A$2:$B$58,2,FALSE),"") | D13: =IFERROR(VLOOKUP(A13,'List2_Department'!$A$2:$B$51,2,FALSE),"") | E13: =IFERROR(VLOOKUP(D13,'List2_Department'!$D$3:$E$7,2,FALSE),"") | F13: =IF(B13="","",DATE(YEAR(B13),MONTH(B13),5)-DATE(YEAR(B13),MONTH(B13),1)+1) | G13: =IF(B13="","",SUMIF('List3_Details'!$A$2:$A$251,A13,'List3_Details'!$E$2:$E$251)) | H13: =IF(OR(B13="",F13=0),"",G13/F13) | I13: =IF(H13="","",IF(H13>=IF(OR(E13="A",E13="B",E13="C"),80%,40%),"Met","Not Met"))
... A51: Attendee 50 | B51: 45474 | C51: =IFERROR(VLOOKUP(A51,'List1_ContactInfo'!$A$2:$B$58,2,FALSE),"") | D51: =IFERROR(VLOOKUP(A51,'List2_Department'!$A$2:$B$51,2,FALSE),"") | E51: =IFERROR(VLOOKUP(D51,'List2_Department'!$D$3:$E$7,2,FALSE),"") | F51: =IF(B51="","",DATE(YEAR(B51),MONTH(B51),5)-DATE(YEAR(B51),MONTH(B51),1)+1) | G51: =IF(B51="","",SUMIF('List3_Details'!$A$2:$A$251,A51,'List3_Details'!$E$2:$E$251)) | H51: =IF(OR(B51="",F51=0),"",G51/F51) | I51: =IF(H51="","",IF(H51>=IF(OR(E51="A",E51="B",E51="C"),80%,40%),"Met","Not Met"))

Sheet Analysis & Pivot Results
A1: ATTENDANCE ANALYSIS — PIVOT-STYLE SUMMARIES
A2: These formula-driven summary tables answer the assignment questions and update with the tracker data.
A4: DAILY ATTENDANCE
A5: Date | B5: Present | C5: Absent | D5: Attendance rate
A6: ='Daily Summary'!A2 | B6: ='Daily Summary'!B2 | C6: ='Daily Summary'!C2 | D6: =IFERROR(B6/(B6+C6),0)
A7: ='Daily Summary'!A3 | B7: ='Daily Summary'!B3 | C7: ='Daily Summary'!C3 | D7: =IFERROR(B7/(B7+C7),0)
A8: ='Daily Summary'!A4 | B8: ='Daily Summary'!B4 | C8: ='Daily Summary'!C4 | D8: =IFERROR(B8/(B8+C8),0)
A9: ='Daily Summary'!A5 | B9: ='Daily Summary'!B5 | C9: ='Daily Summary'!C5 | D9: =IFERROR(B9/(B9+C9),0)
A10: ='Daily Summary'!A6 | B10: ='Daily Summary'!B6 | C10: ='Daily Summary'!C6 | D10: =IFERROR(B10/(B10+C10),0)
A12: Daily answer | B12: Result
A13: Highest attendance day | B13: =INDEX(A6:A10,MATCH(MAX(D6:D10),D6:D10,0))
A14: Lowest attendance day | B14: =INDEX(A6:A10,MATCH(MIN(D6:D10),D6:D10,0))
A16: DEPARTMENT ATTENDANCE
A17: Department | B17: Group | C17: Attendees | D17: Average attendance % | E17: Requirements met | F17: Requirements not met
A18: ='Department Summary'!A2 | B18: ='Department Summary'!B2 | C18: ='Department Summary'!C2 | D18: ='Department Summary'!D2 | E18: ='Department Summary'!E2 | F18: ='Department Summary'!F2
A19: ='Department Summary'!A3 | B19: ='Department Summary'!B3 | C19: ='Department Summary'!C3 | D19: ='Department Summary'!D3 | E19: ='Department Summary'!E3 | F19: ='Department Summary'!F3
A20: ='Department Summary'!A4 | B20: ='Department Summary'!B4 | C20: ='Department Summary'!C4 | D20: ='Department Summary'!D4 | E20: ='Department Summary'!E4 | F20: ='Department Summary'!F4
A21: ='Department Summary'!A5 | B21: ='Department Summary'!B5 | C21: ='Department Summary'!C5 | D21: ='Department Summary'!D5 | E21: ='Department Summary'!E5 | F21: ='Department Summary'!F5
A22: ='Department Summary'!A6 | B22: ='Department Summary'!B6 | C22: ='Department Summary'!C6 | D22: ='Department Summary'!D6 | E22: ='Department Summary'!E6 | F22: ='Department Summary'!F6
A24: WEEKLY INDIVIDUAL INSIGHTS | B24: Result
A25: Highest attendance rate | B25: =MAX('Attendance Tracker'!H2:H51)
A26: Individuals with highest attendance | B26: =COUNTIF('Attendance Tracker'!H2:H51,B25)
A27: Names with highest attendance | B27: See tracker; filter Attendance percentage to the maximum above
A28: Attendees who attended only one day | B28: =COUNTIF('Attendance Tracker'!G2:G51,1)
A29: Percentage meeting requirements | B29: =IFERROR(COUNTIF('Attendance Tracker'!I2:I51,"Met")/COUNTA('Attendance Tracker'!A2:A51),0)
A31: INDIVIDUAL DETAIL
A32: Name | B32: Actual days present | C32: Attendance % | D32: Requirement met
A33: ='Attendance Tracker'!A2 | B33: ='Attendance Tracker'!G2 | C33: ='Attendance Tracker'!H2 | D33: ='Attendance Tracker'!I2
A34: ='Attendance Tracker'!A3 | B34: ='Attendance Tracker'!G3 | C34: ='Attendance Tracker'!H3 | D34: ='Attendance Tracker'!I3
A35: ='Attendance Tracker'!A4 | B35: ='Attendance Tracker'!G4 | C35: ='Attendance Tracker'!H4 | D35: ='Attendance Tracker'!I4
A36: ='Attendance Tracker'!A5 | B36: ='Attendance Tracker'!G5 | C36: ='Attendance Tracker'!H5 | D36: ='Attendance Tracker'!I5
A37: ='Attendance Tracker'!A6 | B37: ='Attendance Tracker'!G6 | C37: ='Attendance Tracker'!H6 | D37: ='Attendance Tracker'!I6
A38: ='Attendance Tracker'!A7 | B38: ='Attendance Tracker'!G7 | C38: ='Attendance Tracker'!H7 | D38: ='Attendance Tracker'!I7
A39: ='Attendance Tracker'!A8 | B39: ='Attendance Tracker'!G8 | C39: ='Attendance Tracker'!H8 | D39: ='Attendance Tracker'!I8
A40: ='Attendance Tracker'!A9 | B40: ='Attendance Tracker'!G9 | C40: ='Attendance Tracker'!H9 | D40: ='Attendance Tracker'!I9
A41: ='Attendance Tracker'!A10 | B41: ='Attendance Tracker'!G10 | C41: ='Attendance Tracker'!H10 | D41: ='Attendance Tracker'!I10
A42: ='Attendance Tracker'!A11 | B42: ='Attendance Tracker'!G11 | C42: ='Attendance Tracker'!H11 | D42: ='Attendance Tracker'!I11
A43: ='Attendance Tracker'!A12 | B43: ='Attendance Tracker'!G12 | C43: ='Attendance Tracker'!H12 | D43: ='Attendance Tracker'!I12
A44: ='Attendance Tracker'!A13 | B44: ='Attendance Tracker'!G13 | C44: ='Attendance Tracker'!H13 | D44: ='Attendance Tracker'!I13
... A82: ='Attendance Tracker'!A51 | B82: ='Attendance Tracker'!G51 | C82: ='Attendance Tracker'!H51 | D82: ='Attendance Tracker'!I51

Sheet Daily Summary
A1: Date | B1: Present | C1: Absent | D1: Total records
A2: 45474 | B2: =COUNTIFS('List3_Details'!$B$2:$B$251,A2,'List3_Details'!$D$2:$D$251,"Present") | C2: =COUNTIFS('List3_Details'!$B$2:$B$251,A2,'List3_Details'!$D$2:$D$251,"Absent") | D2: =B2+C2
A3: 45475 | B3: =COUNTIFS('List3_Details'!$B$2:$B$251,A3,'List3_Details'!$D$2:$D$251,"Present") | C3: =COUNTIFS('List3_Details'!$B$2:$B$251,A3,'List3_Details'!$D$2:$D$251,"Absent") | D3: =B3+C3
A4: 45476 | B4: =COUNTIFS('List3_Details'!$B$2:$B$251,A4,'List3_Details'!$D$2:$D$251,"Present") | C4: =COUNTIFS('List3_Details'!$B$2:$B$251,A4,'List3_Details'!$D$2:$D$251,"Absent") | D4: =B4+C4
A5: 45477 | B5: =COUNTIFS('List3_Details'!$B$2:$B$251,A5,'List3_Details'!$D$2:$D$251,"Present") | C5: =COUNTIFS('List3_Details'!$B$2:$B$251,A5,'List3_Details'!$D$2:$D$251,"Absent") | D5: =B5+C5
A6: 45478 | B6: =COUNTIFS('List3_Details'!$B$2:$B$251,A6,'List3_Details'!$D$2:$D$251,"Present") | C6: =COUNTIFS('List3_Details'!$B$2:$B$251,A6,'List3_Details'!$D$2:$D$251,"Absent") | D6: =B6+C6

Sheet Department Summary
A1: Department | B1: Group | C1: Attendees | D1: Average attendance % | E1: Requirements met | F1: Requirements not met
A2: Marketing | B2: A | C2: =COUNTIF('Attendance Tracker'!$D$2:$D$51,A2) | D2: =IFERROR(AVERAGEIF('Attendance Tracker'!$D$2:$D$51,A2,'Attendance Tracker'!$H$2:$H$51),0) | E2: =COUNTIFS('Attendance Tracker'!$D$2:$D$51,A2,'Attendance Tracker'!$I$2:$I$51,"Met") | F2: =COUNTIFS('Attendance Tracker'!$D$2:$D$51,A2,'Attendance Tracker'!$I$2:$I$51,"Not Met")
A3: Sales | B3: B | C3: =COUNTIF('Attendance Tracker'!$D$2:$D$51,A3) | D3: =IFERROR(AVERAGEIF('Attendance Tracker'!$D$2:$D$51,A3,'Attendance Tracker'!$H$2:$H$51),0) | E3: =COUNTIFS('Attendance Tracker'!$D$2:$D$51,A3,'Attendance Tracker'!$I$2:$I$51,"Met") | F3: =COUNTIFS('Attendance Tracker'!$D$2:$D$51,A3,'Attendance Tracker'!$I$2:$I$51,"Not Met")
A4: HR | B4: C | C4: =COUNTIF('Attendance Tracker'!$D$2:$D$51,A4) | D4: =IFERROR(AVERAGEIF('Attendance Tracker'!$D$2:$D$51,A4,'Attendance Tracker'!$H$2:$H$51),0) | E4: =COUNTIFS('Attendance Tracker'!$D$2:$D$51,A4,'Attendance Tracker'!$I$2:$I$51,"Met") | F4: =COUNTIFS('Attendance Tracker'!$D$2:$D$51,A4,'Attendance Tracker'!$I$2:$I$51,"Not Met")
A5: IT | B5: D | C5: =COUNTIF('Attendance Tracker'!$D$2:$D$51,A5) | D5: =IFERROR(AVERAGEIF('Attendance Tracker'!$D$2:$D$51,A5,'Attendance Tracker'!$H$2:$H$51),0) | E5: =COUNTIFS('Attendance Tracker'!$D$2:$D$51,A5,'Attendance Tracker'!$I$2:$I$51,"Met") | F5: =COUNTIFS('Attendance Tracker'!$D$2:$D$51,A5,'Attendance Tracker'!$I$2:$I$51,"Not Met")
A6: Finance | B6: E | C6: =COUNTIF('Attendance Tracker'!$D$2:$D$51,A6) | D6: =IFERROR(AVERAGEIF('Attendance Tracker'!$D$2:$D$51,A6,'Attendance Tracker'!$H$2:$H$51),0) | E6: =COUNTIFS('Attendance Tracker'!$D$2:$D$51,A6,'Attendance Tracker'!$I$2:$I$51,"Met") | F6: =COUNTIFS('Attendance Tracker'!$D$2:$D$51,A6,'Attendance Tracker'!$I$2:$I$51,"Not Met")

Sheet PivotTable Guide
A1: PivotTable alternative: completed analysis summaries
A2: The Analysis & Pivot Results sheet contains formula-driven summary tables and a chart answering all required analysis questions. Excel PivotTable objects cannot be created directly by this workbook editing method; the summary results provide the same analysis without needing you to drag fields.
A3: PivotTable 1 — Daily attendance from List3_Details
A4: 1. Click a cell in the List3_Details table.
A5: 2. Choose Insert > PivotTable > From Table/Range > New Worksheet > OK.
A6: 3. Drag Date to Rows; drag Attendance status to Columns; drag Name to Values.
A7: 4. In Values, open Value Field Settings and choose Count. This shows Present/Absent counts by day.
A8: PivotTable 2 — Department attendance from Attendance Tracker
A9: 1. Click a cell in Attendance Tracker.
A10: 2. Choose Insert > PivotTable > From Table/Range > New Worksheet > OK.
A11: 3. Drag Department to Rows; drag Attendance percentage to Values; set Value Field Settings to Average.
A12: 4. Add Name to Rows under Department if you want to compare individual attendees.
... A17: If you cannot find PivotTable, tell me which Excel app/version you are using and I will guide you click by click.

Sheet List1_ContactInfo
A1: Name | B1: Email Address
A2: Attendee 1 | B2: attendee1@company.com
A3: Attendee 2 | B3: attendee2@company.com
A4: Attendee 3 | B4: attendee3@company.com
A5: Attendee 4 | B5: attendee4@company.com
A6: Attendee 5 | B6: attendee5@company.com
A7: Attendee 6 | B7: attendee6@company.com
A8: Attendee 7 | B8: attendee7@company.com
A9: Attendee 8 | B9: attendee8@company.com
A10: Attendee 9 | B10: attendee9@company.com
A11: Attendee 10 | B11: attendee10@company.com
A12: Attendee 11 | B12: attendee11@company.com
... A58: Attendee 50 | B58: attendee50@company.com

Sheet List2_Department
A1: Name | B1: Department | D1: Legend
A2: Attendee 1 | B2: Marketing | D2: Department | E2: Group
A3: Attendee 2 | B3: Sales | D3: Marketing | E3: A
A4: Attendee 3 | B4: HR | D4: Sales | E4: B
A5: Attendee 4 | B5: IT | D5: HR | E5: C
A6: Attendee 5 | B6: Finance | D6: IT | E6: D
A7: Attendee 6 | B7: Marketing | D7: Finance | E7: E
A8: Attendee 7 | B8: Sales
A9: Attendee 8 | B9: HR
A10: Attendee 9 | B10: IT
A11: Attendee 10 | B11: Finance
A12: Attendee 11 | B12: Marketing
A13: Attendee 12 | B13: Sales
A14: Attendee 13 | B14: HR
A15: Attendee 14 | B15: IT
A16: Attendee 15 | B16: Finance
A17: Attendee 16 | B17: Marketing
A18: Attendee 17 | B18: Sales
A19: Attendee 18 | B19: HR
... A51: Attendee 50 | B51: Finance

Sheet List3_Details
A1: Name | B1: Date | C1: Attended | D1: Attendance status | E1: Attendance count
A2: Attendee 1 | B2: 45474 | C2: Yes | D2: =IF(C2="Yes","Present",IF(C2="No","Absent","")) | E2: =IF(D2="Present",1,0)
A3: Attendee 2 | B3: 45474 | C3: No | D3: =IF(C3="Yes","Present",IF(C3="No","Absent","")) | E3: =IF(D3="Present",1,0)
A4: Attendee 3 | B4: 45474 | C4: Yes | D4: =IF(C4="Yes","Present",IF(C4="No","Absent","")) | E4: =IF(D4="Present",1,0)
A5: Attendee 4 | B5: 45474 | C5: No | D5: =IF(C5="Yes","Present",IF(C5="No","Absent","")) | E5: =IF(D5="Present",1,0)
A6: Attendee 5 | B6: 45474 | C6: Yes | D6: =IF(C6="Yes","Present",IF(C6="No","Absent","")) | E6: =IF(D6="Present",1,0)
A7: Attendee 6 | B7: 45474 | C7: No | D7: =IF(C7="Yes","Present",IF(C7="No","Absent","")) | E7: =IF(D7="Present",1,0)
A8: Attendee 7 | B8: 45474 | C8: Yes | D8: =IF(C8="Yes","Present",IF(C8="No","Absent","")) | E8: =IF(D8="Present",1,0)
A9: Attendee 8 | B9: 45474 | C9: No | D9: =IF(C9="Yes","Present",IF(C9="No","Absent","")) | E9: =IF(D9="Present",1,0)
A10: Attendee 9 | B10: 45474 | C10: Yes | D10: =IF(C10="Yes","Present",IF(C10="No","Absent","")) | E10: =IF(D10="Present",1,0)
A11: Attendee 10 | B11: 45474 | C11: No | D11: =IF(C11="Yes","Present",IF(C11="No","Absent","")) | E11: =IF(D11="Present",1,0)
A12: Attendee 11 | B12: 45474 | C12: Yes | D12: =IF(C12="Yes","Present",IF(C12="No","Absent","")) | E12: =IF(D12="Present",1,0)
A13: Attendee 12 | B13: 45474 | C13: No | D13: =IF(C13="Yes","Present",IF(C13="No","Absent","")) | E13: =IF(D13="Present",1,0)
... A251: Attendee 50 | B251: 45478 | C251: No | D251: =IF(C251="Yes","Present",IF(C251="No","Absent","")) | E251: =IF(D251="Present",1,0)
